﻿<?xml version="1.0" encoding="UTF-8" standalone="yes"?>
<doc>
    <assembly>
        <name>Coolite.Web.UI</name>
    </assembly>
    <members>
        <member name="T:Coolite.Web.UI.BoxComponent">
            <summary>Base Class for any visual Component that uses a box
container.</summary>
        </member>
        <member name="P:Coolite.Web.UI.BoxComponent.AutoHeight">
            <summary>True to use height:'auto', false to use fixed height
(defaults to false).</summary>
        </member>
        <member name="P:Coolite.Web.UI.BoxComponent.AutoWidth">
            <summary>True to use width:'auto', false to use fixed width (defaults
to false).</summary>
        </member>
        <member name="P:Coolite.Web.UI.BoxComponent.Height">
            <summary>The height of this component in pixels (defaults to
auto).</summary>
        </member>
        <member name="P:Coolite.Web.UI.BoxComponent.Width">
            <summary>The width of this component in pixels (defaults to
auto).</summary>
        </member>
        <member name="P:Coolite.Web.UI.BoxComponentClientEvents.Move">
            <summary>Fires after the component is moved.</summary>
        </member>
        <member name="P:Coolite.Web.UI.BoxComponentClientEvents.Resize">
            <summary>Fires after the component is resized.</summary>
        </member>
        <member name="T:Coolite.Web.UI.Calendar">
            <summary>Simple Calendar class.</summary>
        </member>
        <member name="P:Coolite.Web.UI.Calendar.CancelText">
            <summary>The text to display on the cancel button.</summary>
        </member>
        <member name="P:Coolite.Web.UI.Calendar.CausesValidation">
            <summary>Gets or sets a value indicating whether validation is
performed when the control is set to validate when a postback
occurs.</summary>
        </member>
        <member name="P:Coolite.Web.UI.Calendar.ConstrainToViewport">
            <summary>True to constrain the date picker to the viewport (defaults
to true).</summary>
        </member>
        <member name="P:Coolite.Web.UI.Calendar.DayNames">
            <summary>An array of textual day names which can be overriden for
localization support (defaults to Date.dayNames).</summary>
        </member>
        <member name="P:Coolite.Web.UI.Calendar.DisabledDatesRE">
            <summary>JavaScript regular expression used to disable a pattern of
dates (defaults to null).</summary>
        </member>
        <member name="P:Coolite.Web.UI.Calendar.DisabledDatesRegex">
            <summary>JavaScript regular expression used to disable a pattern of
dates (defaults to null).</summary>
        </member>
        <member name="P:Coolite.Web.UI.Calendar.DisabledDays">
            <summary>An array of days to disable, 0-based. For example, [0, 6]
disables Sunday and Saturday (defaults to null).</summary>
        </member>
        <member name="P:Coolite.Web.UI.Calendar.DisabledDaysText">
            <summary>The tooltip to display when the date falls on a disabled day
(defaults to '').</summary>
        </member>
        <member name="P:Coolite.Web.UI.Calendar.IsNull">
            <summary>Gets a value indicating whether the SelectedDate is [Null].
There is no DateTime Null value in .NET, so DateTime.MinValue is
returned to represent [Null].</summary>
        </member>
        <member name="P:Coolite.Web.UI.Calendar.MaxDate">
            <summary>The maximum allowed date.</summary>
        </member>
        <member name="P:Coolite.Web.UI.Calendar.MaxText">
            <summary>The error text to display when the date in the cell is after
MaxValue (defaults to 'The date in this field must be before
{MaxValue}').</summary>
        </member>
        <member name="P:Coolite.Web.UI.Calendar.MinDate">
            <summary>The minimum allowed date.</summary>
        </member>
        <member name="P:Coolite.Web.UI.Calendar.MinText">
            <summary>The error text to display when the date in the cell is before
MinValue (defaults to 'The date in this field must be after
{MinValue}').</summary>
        </member>
        <member name="P:Coolite.Web.UI.Calendar.MonthNames">
            <summary>An array of textual month names which can be overriden for
localization support (defaults to Date.monthNames).</summary>
        </member>
        <member name="P:Coolite.Web.UI.Calendar.MonthYearText">
            <summary>The header month selector tooltip (defaults to 'Choose a
month (Control+Up/Down to move years)').</summary>
        </member>
        <member name="P:Coolite.Web.UI.Calendar.NextText">
            <summary>The next month navigation button tooltip (defaults to 'Next
Month (Control+Right)').</summary>
        </member>
        <member name="P:Coolite.Web.UI.Calendar.OkText">
            <summary>The text to display on the ok button.</summary>
        </member>
        <member name="P:Coolite.Web.UI.Calendar.PrevText">
            <summary>The previous month navigation button tooltip (defaults to
'Previous Month (Control+Left)').</summary>
        </member>
        <member name="P:Coolite.Web.UI.Calendar.SelectedDate">
            <summary>Gets or sets the current selected date of the Calendar.
Accepts and returns a DateTime object.</summary>
        </member>
        <member name="P:Coolite.Web.UI.Calendar.StartDay">
            <summary>Day index at which the week should begin, 0-based (defaults
to 0, which is Sunday).</summary>
        </member>
        <member name="P:Coolite.Web.UI.Calendar.TodayText">
            <summary>The text to display on the button that selects the current
date (defaults to 'Today').</summary>
        </member>
        <member name="P:Coolite.Web.UI.Calendar.TodayTip">
            <summary>The tooltip to display for the button that selects the
current date (defaults to '{current date} (Spacebar)').</summary>
        </member>
        <member name="P:Coolite.Web.UI.Calendar.ValidationGroup">
            <summary>Gets or Sets the Controls ValidationGroup</summary>
        </member>
        <member name="P:Coolite.Web.UI.CalendarClientEvents.Select">
            <summary>Fires when a date is selected.</summary>
        </member>
        <member name="T:Coolite.Web.UI.CheckBox">
            <summary>Single checkbox field. Can be used as a direct replacement
for traditional CheckBox controls.</summary>
        </member>
        <member name="P:Coolite.Web.UI.CheckBox.Checked">
            <summary>The Text value to initialize this field with.</summary>
        </member>
        <member name="P:Coolite.Web.UI.CheckBox.ClientEvents">
            <summary>Client-side JavaScript EventHandlers</summary>
        </member>
        <member name="E:Coolite.Web.UI.CheckBox.CheckedChanged">
            <summary>Fires when the Checked property has been changed</summary>
        </member>
        <member name="T:Coolite.Web.UI.CheckboxBase">
            <summary>Base Class for Form Fields that provides default event
handling, sizing, value handling and other functionality.</summary>
        </member>
        <member name="P:Coolite.Web.UI.CheckboxBase.Checked">
            <summary>True if the the checkbox should render already checked
(defaults to false).</summary>
        </member>
        <member name="P:Coolite.Web.UI.CheckboxBase.InputValue">
            <summary>The value that should go into the generated input element's
value attribute.</summary>
        </member>
        <member name="P:Coolite.Web.UI.CheckBoxClientEvents.Check">
            <summary>Fires when the CheckBox is checked or unchecked.</summary>
        </member>
        <member name="T:Coolite.Web.UI.ComboBoxBase">
            <summary>A combobox control with support for autocomplete,
remote-loading, paging and many other features.</summary>
        </member>
        <member name="P:Coolite.Web.UI.ComboBoxBase.AllQuery">
            <summary>The text query to send to the server to return all records
for the list with no filtering (defaults to '').</summary>
        </member>
        <member name="P:Coolite.Web.UI.ComboBoxBase.ClientEvents">
            <summary>Client-side JavaScript EventHandlers.</summary>
        </member>
        <member name="P:Coolite.Web.UI.ComboBoxBase.DisplayField">
            <summary>The underlying data field name to bind to this ComboBox
(defaults to undefined if mode = 'remote' or 'text' if transforming
a select).</summary>
        </member>
        <member name="P:Coolite.Web.UI.ComboBoxBase.Editable">
            <summary>False to prevent the user from typing text directly into the
field, just like a traditional select (defaults to true).</summary>
        </member>
        <member name="P:Coolite.Web.UI.ComboBoxBase.ForceSelection">
            <summary>True to restrict the selected value to one of the values in
the list, false to allow the user to set arbitrary text into the
field (defaults to false).</summary>
        </member>
        <member name="P:Coolite.Web.UI.ComboBoxBase.HandleHeight">
            <summary>The height in pixels of the dropdown list resize handle if
resizable = true (defaults to 8).</summary>
        </member>
        <member name="P:Coolite.Web.UI.ComboBoxBase.HiddenName">
            <summary>If specified, a hidden form field with this name is
dynamically generated to store the field's data value (defaults to
the underlying DOM element's name). Required for the combo's value
to automatically post during a form submission.</summary>
        </member>
        <member name="P:Coolite.Web.UI.ComboBoxBase.LazyInit">
            <summary>True to not initialize the list for this combo until the
field is focused. (defaults to true).</summary>
        </member>
        <member name="P:Coolite.Web.UI.ComboBoxBase.LazyRender">
            <summary>True to prevent the ComboBox from rendering until requested
(should always be used when rendering into an Ext.Editor, defaults
to false).</summary>
        </member>
        <member name="P:Coolite.Web.UI.ComboBoxBase.ListAlign">
            <summary>A valid anchor position value. See Ext.Element.alignTo for
details on supported anchor positions (defaults to 'tl-bl').</summary>
        </member>
        <member name="P:Coolite.Web.UI.ComboBoxBase.ListClass">
            <summary>CSS class to apply to the dropdown list element (defaults to
'').</summary>
        </member>
        <member name="P:Coolite.Web.UI.ComboBoxBase.ListWidth">
            <summary>The width in pixels of the dropdown list (defaults to the
width of the ComboBox field).</summary>
        </member>
        <member name="P:Coolite.Web.UI.ComboBoxBase.LoadingText">
            <summary>The text to display in the dropdown list while data is
loading. Only applies when mode = 'remote' (defaults to
'Loading...').</summary>
        </member>
        <member name="P:Coolite.Web.UI.ComboBoxBase.MaxHeight">
            <summary>The maximum height in pixels of the dropdown list before
scrollbars are shown (defaults to 300).</summary>
        </member>
        <member name="P:Coolite.Web.UI.ComboBoxBase.MinChars">
            <summary>The minimum number of characters the user must type before
autocomplete and typeahead activate (defaults to 4 if remote or 0
if local, does not apply if editable = false).</summary>
        </member>
        <member name="P:Coolite.Web.UI.ComboBoxBase.MinListWidth">
            <summary>The minimum width of the dropdown list in pixels (defaults to
70, will be ignored if listWidth has a higher value).</summary>
        </member>
        <member name="P:Coolite.Web.UI.ComboBoxBase.Mode">
            <summary>Set to 'local' if the ComboBox loads local data (defaults to
'remote' which loads from the server).</summary>
        </member>
        <member name="P:Coolite.Web.UI.ComboBoxBase.PageSize">
            <summary>If greater than 0, a paging toolbar is displayed in the
footer of the dropdown list and the filter queries will execute
with page start and limit parameters. Only applies when mode =
'remote' (defaults to 0).</summary>
        </member>
        <member name="P:Coolite.Web.UI.ComboBoxBase.QueryDelay">
            <summary>The length of time in milliseconds to delay between the start
of typing and sending the query to filter the dropdown list
(defaults to 500 if mode = 'remote' or 10 if mode =
'local').</summary>
        </member>
        <member name="P:Coolite.Web.UI.ComboBoxBase.QueryParam">
            <summary>Name of the query as it will be passed on the querystring
(defaults to 'query').</summary>
        </member>
        <member name="P:Coolite.Web.UI.ComboBoxBase.SelectedClass">
            <summary>CSS class to apply to the selected item in the dropdown list
(defaults to 'x-combo-selected').</summary>
        </member>
        <member name="P:Coolite.Web.UI.ComboBoxBase.SelectOnFocus">
            <summary>True to select any existing text in the field immediately on
focus. Only applies when editable = true (defaults to
false).</summary>
        </member>
        <member name="P:Coolite.Web.UI.ComboBoxBase.Shadow">
            <summary>'Sides' for the default effect, 'Frame' for 4-way shadow, and
'Drop' for bottom-right.</summary>
        </member>
        <member name="P:Coolite.Web.UI.ComboBoxBase.Transform">
            <summary>The ID of an existing select to convert to a ComboBox.</summary>
        </member>
        <member name="P:Coolite.Web.UI.ComboBoxBase.TriggerAction">
            <summary>The action to execute when the trigger field is activated.
Use 'All' to run the query specified by the allQuery config option
(defaults to 'Query').</summary>
        </member>
        <member name="P:Coolite.Web.UI.ComboBoxBase.TriggerClass">
            <summary>An additional CSS class used to style the trigger button. The
trigger will always get the class 'x-form-trigger' and triggerClass
will be appended if specified (defaults to 'x-form-arrow-trigger'
which displays a downward arrow icon).</summary>
        </member>
        <member name="P:Coolite.Web.UI.ComboBoxBase.TypeAhead">
            <summary>True to populate and autoselect the remainder of the text
being typed after a configurable delay (typeAheadDelay) if it
matches a known value (defaults to false).</summary>
        </member>
        <member name="P:Coolite.Web.UI.ComboBoxBase.TypeAheadDelay">
            <summary>The length of time in milliseconds to wait until the
typeahead text is displayed if TypeAhead = true (defaults to
250).</summary>
        </member>
        <member name="P:Coolite.Web.UI.ComboBoxBase.ValueField">
            <summary>The underlying data value name to bind to this ComboBox
(defaults to undefined if mode = 'remote' or 'value' if
transforming a select) Note: use of a valueField requires the user
to make a selection in order for a value to be mapped.</summary>
        </member>
        <member name="P:Coolite.Web.UI.ComboBoxBase.ValueNotFoundText">
            <summary>When using a name/value combo, if the value passed to
setValue is not found in the store, valueNotFoundText will be
displayed as the field text if defined (defaults to
undefined).</summary>
        </member>
        <member name="P:Coolite.Web.UI.ComboBoxClientEvents.BeforeQuery">
            <summary>Fires before all queries are processed. Return false to
cancel the query or set the queryEvent's cancel property to
true.</summary>
        </member>
        <member name="P:Coolite.Web.UI.ComboBoxClientEvents.BeforeSelect">
            <summary>Fires before a list item is selected. Return false to cancel
the selection.</summary>
        </member>
        <member name="P:Coolite.Web.UI.ComboBoxClientEvents.Collapse">
            <summary>Fires when the dropdown list is collapsed.</summary>
        </member>
        <member name="P:Coolite.Web.UI.ComboBoxClientEvents.Expand">
            <summary>Fires when the dropdown list is expanded.</summary>
        </member>
        <member name="P:Coolite.Web.UI.ComboBoxClientEvents.Select">
            <summary>Fires when a list item is selected.</summary>
        </member>
        <member name="T:Coolite.Web.UI.Component">
            <summary>Base Class for all Coolite ASP.NET Web Controls.</summary>
        </member>
        <member name="P:Coolite.Web.UI.Component.AllowDomMove">
            <summary>Whether the component can move the Dom node when rendering
(defaults to true).</summary>
        </member>
        <member name="P:Coolite.Web.UI.Component.ApplyTo">
            <summary>The id of the node, a DOM node or an existing Element
corresponding to a DIV that is already present in the document that
specifies some structural markup for this component.</summary>
        </member>
        <member name="P:Coolite.Web.UI.Component.AutoShow">
            <summary>True if the component should check for hidden classes (e.g.
'x-hidden' or 'x-hide-display') and remove them on render (defaults
to false).</summary>
        </member>
        <member name="P:Coolite.Web.UI.Component.Cls">
            <summary>An optional extra CSS class that will be added to this
component's Element (defaults to ''). This can be useful for adding
customized styles to the component or any of its children using
standard CSS rules.</summary>
        </member>
        <member name="P:Coolite.Web.UI.Component.CtCls">
            <summary>An optional extra CSS class that will be added to this
component's container (defaults to ''). This can be useful for
adding customized styles to the container or any of its children
using standard CSS rules.</summary>
        </member>
        <member name="P:Coolite.Web.UI.Component.DisabledClass">
            <summary>CSS class added to the component when it is disabled
(defaults to 'x-item-disabled').</summary>
        </member>
        <member name="P:Coolite.Web.UI.Component.HideMode">
            <summary>How this component should be hidden. Supported values are
'visibility' (css visibility), 'offsets' (negative offset position)
and 'display' (css display) - defaults to 'display'.</summary>
        </member>
        <member name="P:Coolite.Web.UI.Component.HideParent">
            <summary>True to hide and show the component's container when
hide/show is called on the component, false to hide and show the
component itself (defaults to false)</summary>
        </member>
        <member name="P:Coolite.Web.UI.Component.InitialConfig">
            <summary>This Component's initial configuration specification.
Read-only.</summary>
        </member>
        <member name="P:Coolite.Web.UI.Component.RenderTo">
            <summary>The id of the node, a DOM node or an existing Element that
will be the container to render this component into.</summary>
        </member>
        <member name="P:Coolite.Web.UI.Component.StateEvents">
            <summary>An array of events that, when fired, should trigger this
component to save its state (defaults to none). These can be any
types of events supported by this component, including browser or
custom events (e.g., ['click', 'customerchange']).</summary>
        </member>
        <member name="P:Coolite.Web.UI.Component.StateId">
            <summary>The unique id for this component to use for state management
purposes (defaults to the component id).</summary>
        </member>
        <member name="P:Coolite.Web.UI.ComponentClientEvents.BeforeDestroy">
            <summary>Fires before the component is destroyed. Return false to stop
the destroy.</summary>
        </member>
        <member name="P:Coolite.Web.UI.ComponentClientEvents.BeforeHide">
            <summary>Fires before the component is hidden. Return false to stop
the hide.</summary>
        </member>
        <member name="P:Coolite.Web.UI.ComponentClientEvents.BeforeRender">
            <summary>Fires before the component is rendered. Return false to stop
the render.</summary>
        </member>
        <member name="P:Coolite.Web.UI.ComponentClientEvents.BeforeShow">
            <summary>Fires before the component is shown. Return false to stop the
show.</summary>
        </member>
        <member name="P:Coolite.Web.UI.ComponentClientEvents.BeforeStateRestore">
            <summary>Fires before the state of the component is restored. Return
false to stop the restore.</summary>
        </member>
        <member name="P:Coolite.Web.UI.ComponentClientEvents.BeforeStateSave">
            <summary>Fires before the state of the component is saved to the
configured state provider. Return false to stop the save.</summary>
        </member>
        <member name="P:Coolite.Web.UI.ComponentClientEvents.Destroy">
            <summary>Fires after the component is destroyed.</summary>
        </member>
        <member name="P:Coolite.Web.UI.ComponentClientEvents.Disable">
            <summary>Fires after the component is disabled.</summary>
        </member>
        <member name="P:Coolite.Web.UI.ComponentClientEvents.Enable">
            <summary>Fires after the component is enabled.</summary>
        </member>
        <member name="P:Coolite.Web.UI.ComponentClientEvents.Hide">
            <summary>Fires after the component is hidden.</summary>
        </member>
        <member name="P:Coolite.Web.UI.ComponentClientEvents.Render">
            <summary>Fires after the component is rendered.</summary>
        </member>
        <member name="P:Coolite.Web.UI.ComponentClientEvents.Show">
            <summary>Fires after the component is shown.</summary>
        </member>
        <member name="P:Coolite.Web.UI.ComponentClientEvents.StateRestore">
            <summary>Fires after the state of the component is restored.</summary>
        </member>
        <member name="P:Coolite.Web.UI.ComponentClientEvents.StateSave">
            <summary>Fires after the state of the component is saved to the
configured state provider.</summary>
        </member>
        <member name="T:Coolite.Web.UI.Container">
            <summary>Base Class for any visual Component that uses a box
container.</summary>
        </member>
        <member name="P:Coolite.Web.UI.Container.ActiveItem">
            <summary>A string component id or the numeric index of the component
that should be initially activated within the container's layout on
render.</summary>
        </member>
        <member name="P:Coolite.Web.UI.Container.AutoDestroy">
            <summary>If true the container will automatically destroy any
contained component that is removed from it, else destruction must
be handled manually (defaults to true).</summary>
        </member>
        <member name="P:Coolite.Web.UI.Container.BufferResize">
            <summary>When set to true (100 milliseconds) or a number of
milliseconds, the layout assigned for this container will buffer
the frequency it calculates and does a re-layout of components.
This is useful for heavy containers or containers with a large
amount of sub components that frequent calls to layout are
expensive.</summary>
        </member>
        <member name="P:Coolite.Web.UI.Container.Content">
            <summary>The Content to be contained within this Control.</summary>
        </member>
        <member name="P:Coolite.Web.UI.Container.Defaults">
            <summary>A config object that will be applied to all components added
to this container either via the items config or via the add or
insert methods. The defaults config can contain any number of
name/value property pairs to be added to each item, and should be
valid for the types of items being added to the container. For
example, to automatically apply padding to the body of each of a
set of contained Ext.Panel items, you could pass: defaults:
{bodyStyle:'padding:15px'}.</summary>
        </member>
        <member name="P:Coolite.Web.UI.Container.DefaultType">
            <summary>The default type of container represented by this object as
registered in Ext.ComponentMgr (defaults to 'panel').</summary>
        </member>
        <member name="P:Coolite.Web.UI.Container.HideBorders">
            <summary>True to hide the borders of each contained component, false
to defer to the component's existing border settings (defaults to
false).</summary>
        </member>
        <member name="P:Coolite.Web.UI.Container.Layout">
            <summary>The layout type to be used in this container. If not
specified, a default is Layout.Container. Specific config values
for the chosen layout type can be specified using
layoutConfig.</summary>
        </member>
        <member name="P:Coolite.Web.UI.Container.MonitorResize">
            <summary>True to automatically monitor window resize events to handle
anything that is sensitive to the current size of the viewport.
This value is typically managed by the chosen layout and should not
need to be set manually.</summary>
        </member>
        <member name="P:Coolite.Web.UI.ContainerClientEvents.Add">
            <summary>Fires after any Component is added or inserted into the
container.</summary>
        </member>
        <member name="P:Coolite.Web.UI.ContainerClientEvents.Afterlayout">
            <summary>Fires when the components in this container are arranged by
the associated layout manager.</summary>
        </member>
        <member name="P:Coolite.Web.UI.ContainerClientEvents.Beforeadd">
            <summary>Fires before any Component is added or inserted into the
container. A handler can return false to cancel the add.</summary>
        </member>
        <member name="P:Coolite.Web.UI.ContainerClientEvents.BeforeRemove">
            <summary>Fires before any Component is removed from the container. A
handler can return false to cancel the remove.</summary>
        </member>
        <member name="P:Coolite.Web.UI.ContainerClientEvents.Remove">
            <summary>Fires after any Component is removed from the
container.</summary>
        </member>
        <member name="T:Coolite.Web.UI.DateField">
            <summary>Provides a convenient wrapper for TextFields that adds a
clickable trigger button (looks like a combobox by default). The
trigger has no default action, so you must assign a function to
implement the trigger click handler by overriding onTriggerClick.
You can create a TriggerField directly, as it renders exactly like
a combobox for which you can provide a custom
implementation.</summary>
        </member>
        <member name="P:Coolite.Web.UI.DateField.AlternativeFormats">
            <summary>Multiple date formats separated by \" | \" to try when
parsing a user input value and it doesn't match the defined format
(defaults to 'm/d/Y|m-d-y|m-d-Y|m/d|m-d|d').</summary>
        </member>
        <member name="P:Coolite.Web.UI.DateField.DisabledDates">
            <summary>An array of \"dates\" to disable, as strings. These strings
will be used to build a dynamic regular expression so they are very
powerful.</summary>
        </member>
        <member name="P:Coolite.Web.UI.DateField.DisabledDatesText">
            <summary>The tooltip text to display when the date falls on a disabled
date (defaults to 'Disabled').</summary>
        </member>
        <member name="P:Coolite.Web.UI.DateField.DisabledDays">
            <summary>An array of days to disable, 0 based. For example, [0, 6]
disables Sunday and Saturday (defaults to null).</summary>
        </member>
        <member name="P:Coolite.Web.UI.DateField.DisabledDaysText">
            <summary>The tooltip to display when the date falls on a disabled day
(defaults to 'Disabled').</summary>
        </member>
        <member name="P:Coolite.Web.UI.DateField.Format">
            <summary>The default date format string which can be overriden for
localization support. The format must be valid according to
Date.parseDate (defaults to 'm/d/y').</summary>
        </member>
        <member name="P:Coolite.Web.UI.DateField.InvalidText">
            <summary>The error text to display when the date in the field is
invalid (defaults to '{Value} is not a valid date - it must be in
the format {Format}').</summary>
        </member>
        <member name="P:Coolite.Web.UI.DateField.MaxText">
            <summary>The error text to display when the date in the cell is after
MaxValue (defaults to 'The date in this field must be before
{MaxValue}').</summary>
        </member>
        <member name="P:Coolite.Web.UI.DateField.MaxValue">
            <summary>The maximum allowed date.</summary>
        </member>
        <member name="P:Coolite.Web.UI.DateField.MinText">
            <summary>The error text to display when the date in the cell is before
MinValue (defaults to 'The date in this field must be after
{MinValue}').</summary>
        </member>
        <member name="P:Coolite.Web.UI.DateField.MinValue">
            <summary>The minimum allowed date.</summary>
        </member>
        <member name="T:Coolite.Web.UI.DatePicker">
            <summary>Provides a date input field with a Calendar dropdown and
automatic date validation.</summary>
        </member>
        <member name="P:Coolite.Web.UI.DatePicker.ClientEvents">
            <summary>Client-side JavaScript EventHandlers.</summary>
        </member>
        <member name="P:Coolite.Web.UI.DatePicker.IsNull">
            <summary>Gets a value indicating whether the SelectedDate is [Null].
There is no DateTime Null value in .NET, so DateTime.MinValue is
returned to represent [Null].</summary>
        </member>
        <member name="P:Coolite.Web.UI.DatePicker.SelectedDate">
            <summary>Gets or sets the current selected date of the Calendar.
Accepts and returns a DateTime object.</summary>
        </member>
        <member name="E:Coolite.Web.UI.DatePicker.SelectionChanged">
            <summary>Fires when the SelectedDate property has been changed.</summary>
        </member>
        <member name="T:Coolite.Web.UI.Field">
            <summary>Base Class for Form Fields that provides default event
handling, sizing, value handling and other functionality.</summary>
        </member>
        <member name="P:Coolite.Web.UI.Field.AutoCreate">
            <summary>A DomHelper element spec (defaults to {tag: 'input', type:
'text', size: '20', autocomplete: 'off'}).</summary>
        </member>
        <member name="P:Coolite.Web.UI.Field.CausesValidation">
            <summary>Gets or sets a value indicating whether validation is
performed when the control is set to validate when a postback
occurs.</summary>
        </member>
        <member name="P:Coolite.Web.UI.Field.ClearCls">
            <summary>The CSS class used to provide field clearing (defaults to
'x-form-clear-left').</summary>
        </member>
        <member name="P:Coolite.Web.UI.Field.Disabled">
            <summary>True to disable the field (defaults to false).</summary>
        </member>
        <member name="P:Coolite.Web.UI.Field.FieldClass">
            <summary>The default CSS class for the field (defaults to
'x-form-field').</summary>
        </member>
        <member name="P:Coolite.Web.UI.Field.FieldLabel">
            <summary>The label text to display next to this field (defaults to
'').</summary>
        </member>
        <member name="P:Coolite.Web.UI.Field.FocusClass">
            <summary>The CSS class to use when the field receives focus (defaults
to 'x-form-focus').</summary>
        </member>
        <member name="P:Coolite.Web.UI.Field.HideLabel">
            <summary>True to completely hide the label element (defaults to
false).</summary>
        </member>
        <member name="P:Coolite.Web.UI.Field.InvalidClass">
            <summary>The CSS class to use when marking a field invalid (defaults
to 'x-form-invalid').</summary>
        </member>
        <member name="P:Coolite.Web.UI.Field.InvalidText">
            <summary>The error text to use when marking a field invalid and no
message is provided (defaults to 'The value in this field is
invalid').</summary>
        </member>
        <member name="P:Coolite.Web.UI.Field.ItemCls">
            <summary>An additional CSS class to apply to this field (defaults to
the container's itemCls value if set, or '').</summary>
        </member>
        <member name="P:Coolite.Web.UI.Field.LabelSeparator">
            <summary>The standard separator to display after the text of each form
label (defaults is a colon ':'). To display no separator for this
field's label specify empty string ''.</summary>
        </member>
        <member name="P:Coolite.Web.UI.Field.LabelStyle">
            <summary>A CSS style specification to apply directly to this field's
label (defaults to the container's labelStyle value if set, or '').
For example, labelStyle: 'font-weight:bold;'.</summary>
        </member>
        <member name="P:Coolite.Web.UI.Field.MsgFx">
            <summary>EXPERIMENTAL The effect used when displaying a validation
message under the field (defaults to 'normal').</summary>
        </member>
        <member name="P:Coolite.Web.UI.Field.MsgTarget">
            <summary>The location where error text should display. (defaults to
'Qtip').</summary>
        </member>
        <member name="P:Coolite.Web.UI.Field.Name">
            <summary>The field's HTML name attribute.</summary>
        </member>
        <member name="P:Coolite.Web.UI.Field.ReadOnly">
            <summary>True to mark the field as readOnly in HTML (defaults to
false) -- Note: this only sets the element's readOnly DOM
attribute.</summary>
        </member>
        <member name="P:Coolite.Web.UI.Field.TabIndex">
            <summary>The tabIndex for this field. Note this only applies to fields
that are rendered, not those which are built via applyTo (defaults
to undefined).</summary>
        </member>
        <member name="P:Coolite.Web.UI.Field.ValidateDelay">
            <summary>The length of time in milliseconds after user input begins
until validation is initiated (defaults to 250).</summary>
        </member>
        <member name="P:Coolite.Web.UI.Field.ValidateOnBlur">
            <summary>Whether the field should validate when it loses focus
(defaults to true).</summary>
        </member>
        <member name="P:Coolite.Web.UI.Field.ValidationEvent">
            <summary>The event that should initiate field validation. Set to false
to disable automatic validation (defaults to 'keyup').</summary>
        </member>
        <member name="P:Coolite.Web.UI.Field.ValidationGroup">
            <summary>Gets or Sets the Controls ValidationGroup.</summary>
        </member>
        <member name="P:Coolite.Web.UI.Field.Value">
            <summary>A value to initialize this field with.</summary>
        </member>
        <member name="P:Coolite.Web.UI.FieldClientEvents.Blur">
            <summary>Fires when this field loses input focus.</summary>
        </member>
        <member name="P:Coolite.Web.UI.FieldClientEvents.Change">
            <summary>Fires just before the field blurs if the field value has
changed.</summary>
        </member>
        <member name="P:Coolite.Web.UI.FieldClientEvents.Focus">
            <summary>Fires when this field receives input focus.</summary>
        </member>
        <member name="P:Coolite.Web.UI.FieldClientEvents.Invalid">
            <summary>Fires after the field has been marked as invalid.</summary>
        </member>
        <member name="P:Coolite.Web.UI.FieldClientEvents.SpecialKey">
            <summary>Fires when any key related to navigation (arrows, tab, enter,
esc, etc.) is pressed.</summary>
        </member>
        <member name="P:Coolite.Web.UI.FieldClientEvents.Valid">
            <summary>Fires after the field has been validated with no
errors.</summary>
        </member>
        <member name="T:Coolite.Web.UI.FieldSet">
            <summary>Standard container used for grouping form fields.</summary>
        </member>
        <member name="P:Coolite.Web.UI.FieldSet.AutoHeight">
            <summary>True to render a checkbox into the fieldset frame just in
front of the legend (defaults to false). The fieldset will be
expanded or collapsed when the checkbox is toggled.</summary>
        </member>
        <member name="P:Coolite.Web.UI.FieldSet.CheckboxName">
            <summary>True to render a checkbox into the fieldset frame just in
front of the legend (defaults to false). The fieldset will be
expanded or collapsed when the checkbox is toggled.</summary>
        </member>
        <member name="P:Coolite.Web.UI.FieldSet.CheckboxToggle">
            <summary>True to render a checkbox into the fieldset frame just in
front of the legend (defaults to false). The fieldset will be
expanded or collapsed when the checkbox is toggled.</summary>
        </member>
        <member name="P:Coolite.Web.UI.FieldSet.ItemCls">
            <summary>A css class to apply to the x-form-item of fields. This
property cascades to child containers.</summary>
        </member>
        <member name="P:Coolite.Web.UI.FieldSet.LabelWidth">
            <summary>The width of labels. This property cascades to child
containers.</summary>
        </member>
        <member name="T:Coolite.Web.UI.HiddenField">
            <summary>A basic hidden field for storing hidden values in forms that
need to be passed in the form submit. Can be used as a direct
replacement for the traditional &lt;asp:HiddenField&gt; Web
Control.</summary>
        </member>
        <member name="P:Coolite.Web.UI.HiddenField.Hide">
            <summary>Hide this Control at Design Time.</summary>
        </member>
        <member name="P:Coolite.Web.UI.HiddenField.Value">
            <summary>Set the Value of this HiddenField</summary>
        </member>
        <member name="E:Coolite.Web.UI.HiddenField.ValueChanged">
            <summary>Fires when the Text property has been changed.</summary>
        </member>
        <member name="T:Coolite.Web.UI.HtmlEditor">
            <summary>Provides a lightweight HTML Editor component.</summary>
        </member>
        <member name="P:Coolite.Web.UI.HtmlEditor.ClientEvents">
            <summary>Client-side JavaScript EventHandlers.</summary>
        </member>
        <member name="P:Coolite.Web.UI.HtmlEditor.Text">
            <summary>The Text value to initialize this field with.</summary>
        </member>
        <member name="E:Coolite.Web.UI.HtmlEditor.TextChanged">
            <summary>Fires when the Text property has been changed.</summary>
        </member>
        <member name="T:Coolite.Web.UI.HtmlEditorBase">
            <summary>Provides a lightweight HTML Editor component.</summary>
        </member>
        <member name="P:Coolite.Web.UI.HtmlEditorBase.CreateLinkText">
            <summary>The default text for the create link prompt.</summary>
        </member>
        <member name="P:Coolite.Web.UI.HtmlEditorBase.DefaultLinkValue">
            <summary>The default value for the create link prompt (defaults to
http://).</summary>
        </member>
        <member name="P:Coolite.Web.UI.HtmlEditorBase.EnableAlignments">
            <summary>Enable the left, center, right alignment buttons (defaults to
true).</summary>
        </member>
        <member name="P:Coolite.Web.UI.HtmlEditorBase.EnableColors">
            <summary>Enable the fore/highlight color buttons (defaults to
true).</summary>
        </member>
        <member name="P:Coolite.Web.UI.HtmlEditorBase.EnableFont">
            <summary>Enable font selection. Not available in Safari. (defaults to
true).</summary>
        </member>
        <member name="P:Coolite.Web.UI.HtmlEditorBase.EnableFontSize">
            <summary>Enable the increase/decrease font size buttons (defaults to
true).</summary>
        </member>
        <member name="P:Coolite.Web.UI.HtmlEditorBase.EnableFormat">
            <summary>Enable the bold, italic and underline buttons (defaults to
true).</summary>
        </member>
        <member name="P:Coolite.Web.UI.HtmlEditorBase.EnableLinks">
            <summary>Enable the create link button. Not available in Safari.
(defaults to true).</summary>
        </member>
        <member name="P:Coolite.Web.UI.HtmlEditorBase.EnableLists">
            <summary>Enable the bullet and numbered list buttons. Not available in
Safari. (defaults to true).</summary>
        </member>
        <member name="P:Coolite.Web.UI.HtmlEditorBase.EnableSourceEdit">
            <summary>Enable the switch to source edit button. Not available in
Safari. (defaults to true).</summary>
        </member>
        <member name="P:Coolite.Web.UI.HtmlEditorBase.FontFamilies">
            <summary>An array of available font families.</summary>
        </member>
        <member name="P:Coolite.Web.UI.HtmlEditorClientEvents.Activate">
            <summary>Fires when the editor is first receives the focus. Any
insertion must wait until after this event.</summary>
        </member>
        <member name="P:Coolite.Web.UI.HtmlEditorClientEvents.BeforePush">
            <summary>Fires before the iframe editor is updated with content from
the textarea. Return false to cancel the push.</summary>
        </member>
        <member name="P:Coolite.Web.UI.HtmlEditorClientEvents.BeforeSync">
            <summary>Fires before the textarea is updated with content from the
editor iframe. Return false to cancel the sync.</summary>
        </member>
        <member name="P:Coolite.Web.UI.HtmlEditorClientEvents.EditModeChange">
            <summary>Fires when the editor switches edit modes.</summary>
        </member>
        <member name="P:Coolite.Web.UI.HtmlEditorClientEvents.Initialize">
            <summary>Fires when the editor is fully initialized (including the
iframe).</summary>
        </member>
        <member name="P:Coolite.Web.UI.HtmlEditorClientEvents.Push">
            <summary>Fires when the iframe editor is updated with content from the
textarea.</summary>
        </member>
        <member name="P:Coolite.Web.UI.HtmlEditorClientEvents.Sync">
            <summary>Fires when the textarea is updated with content from the
editor iframe.</summary>
        </member>
        <member name="T:Coolite.Web.UI.NumberField">
            <summary>Numeric text field that provides automatic keystroke
filtering and numeric validation.</summary>
        </member>
        <member name="P:Coolite.Web.UI.NumberField.AllowDecimals">
            <summary>False to disallow decimal values (defaults to true).</summary>
        </member>
        <member name="P:Coolite.Web.UI.NumberField.AllowNegative">
            <summary>False to prevent entering a negative sign (defaults to
true).</summary>
        </member>
        <member name="P:Coolite.Web.UI.NumberField.BaseChars">
            <summary>The base set of characters to evaluate as valid numbers
(defaults to '0123456789').</summary>
        </member>
        <member name="P:Coolite.Web.UI.NumberField.DecimalPrecision">
            <summary>The maximum precision to display after the decimal separator
(defaults to 2).</summary>
        </member>
        <member name="P:Coolite.Web.UI.NumberField.DecimalSeparator">
            <summary>Character(s) to allow as the decimal separator (defaults to
'.').</summary>
        </member>
        <member name="P:Coolite.Web.UI.NumberField.MaxText">
            <summary>Error text to display if the maximum value validation fails
(defaults to 'The maximum value for this field is
{maxValue}').</summary>
        </member>
        <member name="P:Coolite.Web.UI.NumberField.MaxValue">
            <summary>The maximum allowed value (defaults to
Double.MaxValue)</summary>
        </member>
        <member name="P:Coolite.Web.UI.NumberField.MinText">
            <summary>Error text to display if the minimum value validation fails
(defaults to 'The minimum value for this field is
{minValue}').</summary>
        </member>
        <member name="P:Coolite.Web.UI.NumberField.MinValue">
            <summary>The minimum allowed value (defaults to
Double.MinValue)</summary>
        </member>
        <member name="P:Coolite.Web.UI.NumberField.NanText">
            <summary>Error text to display if the value is not a valid number. For
example, this can happen if a valid character like '.' or '-' is
left in the field with no number (defaults to '{value} is not a
valid number').</summary>
        </member>
        <member name="T:Coolite.Web.UI.NumberTextBox">
            <summary>Numeric text field that provides automatic keystroke
filtering and numeric validation.</summary>
        </member>
        <member name="P:Coolite.Web.UI.NumberTextBox.ClientEvents">
            <summary>Client-side JavaScript EventHandlers.</summary>
        </member>
        <member name="P:Coolite.Web.UI.NumberTextBox.Format">
            <summary>The default number format string.</summary>
        </member>
        <member name="P:Coolite.Web.UI.NumberTextBox.Text">
            <summary>The Text value to initialize this field with.</summary>
        </member>
        <member name="E:Coolite.Web.UI.NumberTextBox.TextChanged">
            <summary>Fires when the Text property has been changed.</summary>
        </member>
        <member name="T:Coolite.Web.UI.Panel">
            <summary>Panel is a container that has specific functionality and
structural components that make it the perfect building block for
application-oriented user interfaces.</summary>
        </member>
        <member name="P:Coolite.Web.UI.Panel.ClientEvents">
            <summary>Client-side JavaScript EventHandlers</summary>
        </member>
        <member name="T:Coolite.Web.UI.PanelBase">
            <summary>Base Class for any visual Component that uses a box
container.</summary>
        </member>
        <member name="P:Coolite.Web.UI.PanelBase.AnimCollapse">
            <summary>True to animate the transition when the panel is collapsed,
false to skip the animation (defaults to true if the Ext.Fx class
is available, otherwise false).</summary>
        </member>
        <member name="P:Coolite.Web.UI.PanelBase.AutoLoad">
            <summary>A valid url spec according to the Updater Ext.Updater.update
method. If autoLoad is not null, the panel will attempt to load its
contents immediately upon render. The URL will become the default
URL for this panel's body element, so it may be refreshed at any
time.</summary>
        </member>
        <member name="P:Coolite.Web.UI.PanelBase.AutoScroll">
            <summary>True to use overflow:'auto' on the panel's body element and
show scroll bars automatically when necessary, false to clip any
overflowing content (defaults to false).</summary>
        </member>
        <member name="P:Coolite.Web.UI.PanelBase.BaseCls">
            <summary>The base CSS class to apply to this panel's element (defaults
to 'x-panel').</summary>
        </member>
        <member name="P:Coolite.Web.UI.PanelBase.Bbar">
            <summary>The bottom toolbar of the panel.</summary>
        </member>
        <member name="P:Coolite.Web.UI.PanelBase.BodyBorder">
            <summary>True to display an interior border on the body element of the
panel, false to hide it (defaults to true). This only applies when
border == true. If border == true and bodyBorder == false, the
border will display as a 1px wide inset border, giving the entire
body element an inset appearance.</summary>
        </member>
        <member name="P:Coolite.Web.UI.PanelBase.BodyStyle">
            <summary>Custom CSS styles to be applied to the body element in the
format expected by Ext.Element.applyStyles (defaults to
null).</summary>
        </member>
        <member name="P:Coolite.Web.UI.PanelBase.Border">
            <summary>True to display the borders of the panel's body element,
false to hide them (defaults to true). By default, the border is a
2px wide inset border, but this can be further altered by setting
bodyBorder to false.</summary>
        </member>
        <member name="P:Coolite.Web.UI.PanelBase.ButtonAlign">
            <summary>Custom CSS styles to be applied to the body element in the
format expected by Ext.Element.applyStyles (defaults to
null).</summary>
        </member>
        <member name="P:Coolite.Web.UI.PanelBase.Buttons">
            <summary>An array of Ext.Button configs used to add buttons to the
footer of this panel.</summary>
        </member>
        <member name="P:Coolite.Web.UI.PanelBase.Collapsed">
            <summary>True to render the panel collapsed, false to render it
expanded (defaults to false).</summary>
        </member>
        <member name="P:Coolite.Web.UI.PanelBase.CollapsedCls">
            <summary>A CSS class to add to the panel's element after it has been
collapsed (defaults to 'x-panel-collapsed').</summary>
        </member>
        <member name="P:Coolite.Web.UI.PanelBase.CollapseFirst">
            <summary>True to make sure the collapse/expand toggle button always
renders first (to the left of) any other tools in the panel's title
bar, false to render it last (defaults to true).</summary>
        </member>
        <member name="P:Coolite.Web.UI.PanelBase.Collapsible">
            <summary>True to make the panel collapsible and have the
expand/collapse toggle button automatically rendered into the
header tool button area, false to keep the panel statically sized
with no button (defaults to false).</summary>
        </member>
        <member name="P:Coolite.Web.UI.PanelBase.ContentEl">
            <summary>The id of an existing HTML node to use as the panel's body
content (defaults to '').</summary>
        </member>
        <member name="P:Coolite.Web.UI.PanelBase.Draggable">
            <summary>True to enable dragging of this Panel (defaults to
false).</summary>
        </member>
        <member name="P:Coolite.Web.UI.PanelBase.Elements">
            <summary>A comma-delimited list of panel elements to initialize when
the panel is rendered.</summary>
        </member>
        <member name="P:Coolite.Web.UI.PanelBase.Floating">
            <summary>True to float the panel (absolute position it with automatic
shimming and shadow), false to display it inline where it is
rendered (defaults to false).</summary>
        </member>
        <member name="P:Coolite.Web.UI.PanelBase.Footer">
            <summary>True to create the footer element explicitly, false to skip
creating it. By default, when footer is not specified, if one or
more buttons have been added to the panel the footer will be
created automatically, otherwise it will not.</summary>
        </member>
        <member name="P:Coolite.Web.UI.PanelBase.Frame">
            <summary>True to render the panel with custom rounded borders, false
to render with plain 1px square borders (defaults to false).</summary>
        </member>
        <member name="P:Coolite.Web.UI.PanelBase.Header">
            <summary>True to create the header element explicitly, false to skip
creating it. By default, when header is not specified, if a title
is set the header will be created automatically, otherwise it will
not. If a title is set but header is explicitly set to false, the
header will not be rendered.</summary>
        </member>
        <member name="P:Coolite.Web.UI.PanelBase.HeaderAsText">
            <summary>True to display the panel title in the header, false to hide
it (defaults to true).</summary>
        </member>
        <member name="P:Coolite.Web.UI.PanelBase.HideCollapseTool">
            <summary>True to hide the expand/collapse toggle button when
collapsible = true, false to display it (defaults to false).</summary>
        </member>
        <member name="P:Coolite.Web.UI.PanelBase.Html">
            <summary>An HTML fragment, or a DomHelper specification to use as the
panel's body content (defaults to '').</summary>
        </member>
        <member name="P:Coolite.Web.UI.PanelBase.IconCls">
            <summary>A CSS class that will provide a background image to be used
as the panel header icon (defaults to '').</summary>
        </member>
        <member name="P:Coolite.Web.UI.PanelBase.Keys">
            <summary>A KeyMap config object (in the format expected by
Ext.KeyMap.addBinding used to assign custom key handling to this
panel (defaults to null).</summary>
        </member>
        <member name="P:Coolite.Web.UI.PanelBase.MaskDisabled">
            <summary>True to mask the panel when it is disabled, false to not mask
it (defaults to true). Either way, the panel will always tell its
contained elements to disable themselves when it is disabled, but
masking the panel can provide an additional visual cue that the
panel is disabled.</summary>
        </member>
        <member name="P:Coolite.Web.UI.PanelBase.MinButtonWidth">
            <summary>Minimum width in pixels of all buttons in this panel
(defaults to 75).</summary>
        </member>
        <member name="P:Coolite.Web.UI.PanelBase.Shadow">
            <summary>ShadowMode to display a shadow behind the panel. Note that
this option only applies when floating = true.</summary>
        </member>
        <member name="P:Coolite.Web.UI.PanelBase.ShadowOffset">
            <summary>The number of pixels to offset the shadow if displayed
(defaults to 4). Note that this option only applies when floating =
true.</summary>
        </member>
        <member name="P:Coolite.Web.UI.PanelBase.Shim">
            <summary>False to disable the iframe shim in browsers which need one
(defaults to true). Note that this option only applies when
floating = true.</summary>
        </member>
        <member name="P:Coolite.Web.UI.PanelBase.Tbar">
            <summary>The top toolbar of the panel. This can be either an
Ext.Toolbar object or an array of buttons/button configs to be
added to the toolbar. Note that this is not available as a property
after render. To access the top toolbar after render, use
getTopToolbar.</summary>
        </member>
        <member name="P:Coolite.Web.UI.PanelBase.Title">
            <summary>The title text to display in the panel header (defaults to
''). When a title is specified the header element will
automatically be created and displayed unless header is explicitly
set to false. If you don't want to specify a title at config time,
but you may want one later, you must either specify a non-empty
title (a blank space ' ' will do) or header:true so that the
container element will get created.</summary>
        </member>
        <member name="P:Coolite.Web.UI.PanelBase.TitleCollapse">
            <summary>True to allow expanding and collapsing the panel (when
collapsible = true) by clicking anywhere in the header bar, false
to allow it only by clicking to tool button (defaults to
false).</summary>
        </member>
        <member name="P:Coolite.Web.UI.PanelBase.Tools">
            <summary>An array of tool button configs to be added to the header
tool area.</summary>
        </member>
        <member name="P:Coolite.Web.UI.PanelClientEvents.Activate">
            <summary>Fires after the Panel has been visually activated. Note that
Panels do not directly support being activated, but some Panel
subclasses do (like Ext.Window). Panels which are child Components
of a TabPanel fire the activate and deactivate events under the
control of the TabPanel.</summary>
        </member>
        <member name="P:Coolite.Web.UI.PanelClientEvents.BeforeClose">
            <summary>Fires before the Panel is closed. Note that Panels do not
directly support being closed, but some Panel subclasses do (like
Ext.Window). This event only applies to such subclasses. A handler
can return false to cancel the close.</summary>
        </member>
        <member name="P:Coolite.Web.UI.PanelClientEvents.BeforeCollapse">
            <summary>Fires before the Panel is collapsed. A handler can return
false to cancel the collapse.</summary>
        </member>
        <member name="P:Coolite.Web.UI.PanelClientEvents.BeforeExpand">
            <summary>Fires before the Panel is expanded. A handler can return
false to cancel the expand.</summary>
        </member>
        <member name="P:Coolite.Web.UI.PanelClientEvents.BodyResize">
            <summary>Fires after the Panel has been resized.</summary>
        </member>
        <member name="P:Coolite.Web.UI.PanelClientEvents.Close">
            <summary>Fires after the Panel is closed. Note that Panels do not
directly support being closed, but some Panel subclasses do (like
Ext.Window).</summary>
        </member>
        <member name="P:Coolite.Web.UI.PanelClientEvents.Collapse">
            <summary>Fires after the Panel has been collapsed.</summary>
        </member>
        <member name="P:Coolite.Web.UI.PanelClientEvents.Deactivate">
            <summary>Fires after the Panel has been visually deactivated. Note
that Panels do not directly support being deactivated, but some
Panel subclasses do (like Ext.Window). Panels which are child
Components of a TabPanel fire the activate and deactivate events
under the control of the TabPanel.</summary>
        </member>
        <member name="P:Coolite.Web.UI.PanelClientEvents.Expand">
            <summary>Fires after the Panel has been expanded.</summary>
        </member>
        <member name="P:Coolite.Web.UI.PanelClientEvents.TitleChange">
            <summary>Fires after the Panel title has been set or changed.</summary>
        </member>
        <member name="T:Coolite.Web.UI.RadioButton">
            <summary>Single radio field. Can be used as a direct replacement for
traditional RadioButton controls.</summary>
        </member>
        <member name="P:Coolite.Web.UI.RadioButton.ClientEvents">
            <summary>Client-side JavaScript EventHandlers.</summary>
        </member>
        <member name="T:Coolite.Web.UI.TextArea">
            <summary>Multiline text field. Can be used as a direct replacement for
traditional textarea &lt;asp:TextBox TextMode='MultiLine'&gt;
fields, plus adds support for auto-sizing.</summary>
        </member>
        <member name="P:Coolite.Web.UI.TextArea.ClientEvents">
            <summary>Client-side JavaScript EventHandlers.</summary>
        </member>
        <member name="P:Coolite.Web.UI.TextArea.GrowMax">
            <summary>The maximum width to allow when grow = true (defaults to
800).</summary>
        </member>
        <member name="P:Coolite.Web.UI.TextArea.GrowMin">
            <summary>The minimum width to allow when grow = true (defaults to
60).</summary>
        </member>
        <member name="P:Coolite.Web.UI.TextArea.PreventScrollbars">
            <summary>True to prevent scrollbars from appearing regardless of how
much text is in the field (equivalent to setting overflow: hidden,
defaults to false).</summary>
        </member>
        <member name="P:Coolite.Web.UI.TextArea.Text">
            <summary>The Text value to initialize this field with.</summary>
        </member>
        <member name="E:Coolite.Web.UI.TextArea.TextChanged">
            <summary>Fires when the Text property has been changed.</summary>
        </member>
        <member name="T:Coolite.Web.UI.TextBox">
            <summary>Basic text field. Can be used as a direct replacement for the
traditional &lt;asp:TextBox&gt; Web Control, or as the base class
for more sophisticated input controls (like TextArea and
ComboBox).</summary>
        </member>
        <member name="P:Coolite.Web.UI.TextBox.ClientEvents">
            <summary>Client-side JavaScript EventHandlers.</summary>
        </member>
        <member name="P:Coolite.Web.UI.TextBox.InputType">
            <summary>The type attribute for input fields.</summary>
        </member>
        <member name="P:Coolite.Web.UI.TextBox.Text">
            <summary>The Text value to initialize this field with.</summary>
        </member>
        <member name="E:Coolite.Web.UI.TextBox.TextChanged">
            <summary>Fires when the Text property has been changed.</summary>
        </member>
        <member name="T:Coolite.Web.UI.TextField">
            <summary>Base Class for all Text Field Web Controls.</summary>
        </member>
        <member name="P:Coolite.Web.UI.TextField.AllowBlank">
            <summary>False to validate that the value length &gt; 0 (defaults to
true).</summary>
        </member>
        <member name="P:Coolite.Web.UI.TextField.BlankText">
            <summary>Error text to display if the allow blank validation fails
(defaults to 'This field is required').</summary>
        </member>
        <member name="P:Coolite.Web.UI.TextField.DisableKeyFilter">
            <summary>True to disable input keystroke filtering (defaults to
false).</summary>
        </member>
        <member name="P:Coolite.Web.UI.TextField.EmptyClass">
            <summary>The CSS class to apply to an empty field to style the
emptyText (defaults to 'x-form-empty-field'). This class is
automatically added and removed as needed depending on the current
field value.</summary>
        </member>
        <member name="P:Coolite.Web.UI.TextField.EmptyText">
            <summary>The default text to display in an empty field (defaults to
null).</summary>
        </member>
        <member name="P:Coolite.Web.UI.TextField.Grow">
            <summary>True if this field should automatically grow and shrink to
its content (defaults to false).</summary>
        </member>
        <member name="P:Coolite.Web.UI.TextField.GrowMax">
            <summary>The maximum width to allow when grow = true (defaults to
800).</summary>
        </member>
        <member name="P:Coolite.Web.UI.TextField.GrowMin">
            <summary>The minimum width to allow when grow = true (defaults to
30).</summary>
        </member>
        <member name="P:Coolite.Web.UI.TextField.InputType">
            <summary>The type attribute for input fields.</summary>
        </member>
        <member name="P:Coolite.Web.UI.TextField.MaskRe">
            <summary>An input mask regular expression that will be used to filter
keystrokes that don't match (defaults to null)</summary>
        </member>
        <member name="P:Coolite.Web.UI.TextField.MaxLength">
            <summary>Maximum input field length allowed (defaults to
Number.MAX_VALUE).</summary>
        </member>
        <member name="P:Coolite.Web.UI.TextField.MaxLengthText">
            <summary>Error text to display if the maximum length validation fails
(defaults to 'The maximum length for this field is
{maxLength}').</summary>
        </member>
        <member name="P:Coolite.Web.UI.TextField.MinLength">
            <summary>Minimum input field length required (defaults to 0).</summary>
        </member>
        <member name="P:Coolite.Web.UI.TextField.MinLengthText">
            <summary>Error text to display if the minimum length validation fails
(defaults to 'The minimum length for this field is
{minLength}').</summary>
        </member>
        <member name="P:Coolite.Web.UI.TextField.Regex">
            <summary>A JavaScript RegExp object to be tested against the field
value during validation (defaults to null). If available, this
regex will be evaluated only after the basic validators all return
true, and will be passed the current field value. If the test
fails, the field will be marked invalid using RegexText.</summary>
        </member>
        <member name="P:Coolite.Web.UI.TextField.RegexText">
            <summary>The error text to display if regex is used and the test fails
during validation (defaults to '').</summary>
        </member>
        <member name="P:Coolite.Web.UI.TextField.SelectOnFocus">
            <summary>True to automatically select any existing field text when the
field receives input focus (defaults to false).</summary>
        </member>
        <member name="P:Coolite.Web.UI.TextField.Validator">
            <summary>A custom validation function to be called during field
validation (defaults to null). If available, this function will be
called only after the basic validators all return true, and will be
passed the current field value and expected to return boolean true
if the value is valid or a string error message if invalid.</summary>
        </member>
        <member name="P:Coolite.Web.UI.TextField.Vtype">
            <summary>A validation type name as defined in Ext.form.VTypes
(defaults to null).</summary>
        </member>
        <member name="P:Coolite.Web.UI.TextField.VtypeText">
            <summary>A custom error message to display in place of the default
message provided for the vtype currently set for this field
(defaults to ''). Only applies if vtype is set, else
ignored.</summary>
        </member>
        <member name="P:Coolite.Web.UI.TextFieldClientEvents.AutoSize">
            <summary>Fires when the autosize function is triggered. The field may
or may not have actually changed size according to the default
logic, but this event provides a hook for the developer to apply
additional logic at runtime to resize the field if needed.</summary>
        </member>
        <member name="T:Coolite.Web.UI.TimeField">
            <summary>Provides a time input field with a time dropdown and
automatic time validation.</summary>
        </member>
        <member name="P:Coolite.Web.UI.TimeField.AltFormats">
            <summary>Multiple date formats separated by \" | \" to try when
parsing a user input value and it doesn't match the defined format
(defaults to 'm/d/Y|m-d-y|m-d-Y|m/d|m-d|d').</summary>
        </member>
        <member name="P:Coolite.Web.UI.TimeField.Format">
            <summary>The default date format string which can be overriden for
localization support. The format must be valid according to
Date.parseDate (defaults to 'm/d/y').</summary>
        </member>
        <member name="P:Coolite.Web.UI.TimeField.Increment">
            <summary>The number of minutes between each time value in the list
(defaults to 15).</summary>
        </member>
        <member name="P:Coolite.Web.UI.TimeField.InvalidText">
            <summary>The error text to display when the time in the field is
invalid (defaults to '{value} is not a valid time - it must be in
the format {format}').</summary>
        </member>
        <member name="P:Coolite.Web.UI.TimeField.MaxText">
            <summary>The error text to display when the time is after maxValue
(defaults to 'The time in this field must be equal to or before
{0}').</summary>
        </member>
        <member name="P:Coolite.Web.UI.TimeField.MaxValue">
            <summary>The maximum allowed time. Can be either a Javascript date
object or a string date in a valid format (defaults to
null).</summary>
        </member>
        <member name="P:Coolite.Web.UI.TimeField.MinText">
            <summary>The error text to display when the date in the cell is before
minValue (defaults to 'The time in this field must be equal to or
after {0}').</summary>
        </member>
        <member name="P:Coolite.Web.UI.TimeField.MinValue">
            <summary>The minimum allowed time. Can be either a Javascript date
object or a string date in a valid format (defaults to
null).</summary>
        </member>
        <member name="T:Coolite.Web.UI.TriggerField">
            <summary>Provides a convenient wrapper for TextFields that adds a
clickable trigger button (looks like a combobox by default). The
trigger has no default action, so you must assign a function to
implement the trigger click handler by overriding onTriggerClick.
You can create a TriggerField directly, as it renders exactly like
a combobox for which you can provide a custom
implementation.</summary>
        </member>
        <member name="P:Coolite.Web.UI.TriggerField.HideTrigger">
            <summary>True to hide the trigger element and display only the base
text field (defaults to false).</summary>
        </member>
        <member name="P:Coolite.Web.UI.TriggerField.TriggerClass">
            <summary>A CSS class to apply to the trigger.</summary>
        </member>
        <member name="T:Coolite.Web.UI.Window">
            <summary>A specialized panel intended for use as an application
window. Windows are floated and draggable by default, and also
provide specific behavior like the ability to maximize and restore
(with an event for minimizing, since the minimize behavior is
application-specific). Windows can also be linked to a
Ext.WindowGroup or managed by the Ext.WindowManager to provide
grouping, activation, to front/back and other application-specific
behavior.</summary>
        </member>
        <member name="P:Coolite.Web.UI.Window.Center">
            <summary>Centers this window in the viewport.</summary>
        </member>
        <member name="P:Coolite.Web.UI.Window.ClientEvents">
            <summary>Client-side JavaScript EventHandlers</summary>
        </member>
        <member name="P:Coolite.Web.UI.Window.Hide">
            <summary>Hide this Window at Design Time.</summary>
        </member>
        <member name="P:Coolite.Web.UI.Window.OffsetLeft">
            <summary>The position in pixels from the left of the view port
(browser window).</summary>
        </member>
        <member name="P:Coolite.Web.UI.Window.OffsetTop">
            <summary>The position in pixels from the top of the view port (browser
window).</summary>
        </member>
        <member name="P:Coolite.Web.UI.Window.TriggerElement">
            <summary>The element that triggers this Window to open. Must set
TriggerAction.</summary>
        </member>
        <member name="P:Coolite.Web.UI.Window.TriggerEvent">
            <summary>The element that triggers this Window to open. Must set
TriggerAction.</summary>
        </member>
        <member name="T:Coolite.Web.UI.WindowBase">
            <summary>Base Class for any visual Component that uses a box
container.</summary>
        </member>
        <member name="P:Coolite.Web.UI.WindowBase.AnimateTarget">
            <summary>Id or element from which the window should animate while
opening (defaults to null with no animation).</summary>
        </member>
        <member name="P:Coolite.Web.UI.WindowBase.Closable">
            <summary>True to display the 'close' tool button and allow the user to
close the window, false to hide the button and disallow closing the
window (default to true).</summary>
        </member>
        <member name="P:Coolite.Web.UI.WindowBase.CloseAction">
            <summary>The action to take when the close button is clicked. The
default action is 'close' which will actually remove the window
from the DOM and destroy it. The other valid option is 'hide' which
will simply hide the window by setting visibility to hidden and
applying negative offsets, keeping the window available to be
redisplayed via the show method.</summary>
        </member>
        <member name="P:Coolite.Web.UI.WindowBase.Constrain">
            <summary>True to constrain the window to the viewport, false to allow
it to fall outside of the viewport (defaults to false). Optionally
the header only can be constrained using ConstrainHeader.</summary>
        </member>
        <member name="P:Coolite.Web.UI.WindowBase.ConstrainHeader">
            <summary>True to constrain the window header to the viewport, allowing
the window body to fall outside of the viewport, false to allow the
header to fall outside the viewport (defaults to false). Optionally
the entire window can be constrained using constrain.</summary>
        </member>
        <member name="P:Coolite.Web.UI.WindowBase.DefaultButton">
            <summary>The id of a button to focus when this window received the
focus.</summary>
        </member>
        <member name="P:Coolite.Web.UI.WindowBase.Draggable">
            <summary>True to allow the window to be dragged by the header bar,
false to disable dragging (defaults to true). Note that by default
the window will be centered in the viewport, so if dragging is
disabled the window may need to be positioned programmatically
after render (e.g., myWindow.setPosition(100, 100);).</summary>
        </member>
        <member name="P:Coolite.Web.UI.WindowBase.ExpandOnShow">
            <summary>True to always expand the window when it is displayed, false
to keep it in its current state (which may be collapsed) when
displayed (defaults to true).</summary>
        </member>
        <member name="P:Coolite.Web.UI.WindowBase.Height">
            <summary>The height of this component in pixels (defaults to
auto).</summary>
        </member>
        <member name="P:Coolite.Web.UI.WindowBase.Maximizable">
            <summary>True to display the 'maximize' tool button and allow the user
to maximize the window, false to hide the button and disallow
maximizing the window (defaults to false). Note that when a window
is maximized, the tool button will automatically change to a
'restore' button with the appropriate behavior already built-in
that will restore the window to its previous size.</summary>
        </member>
        <member name="P:Coolite.Web.UI.WindowBase.MinHeight">
            <summary>The minimum height in pixels allowed for this window
(defaults to 100).</summary>
        </member>
        <member name="P:Coolite.Web.UI.WindowBase.Minimizable">
            <summary>True to display the 'minimize' tool button and allow the user
to minimize the window, false to hide the button and disallow
minimizing the window (defaults to false). Note that this button
provides no implementation -- the behavior of minimizing a window
is implementation-specific, so the minimize event must be handled
and a custom minimize behavior implemented for this option to be
useful.</summary>
        </member>
        <member name="P:Coolite.Web.UI.WindowBase.MinWidth">
            <summary>The minimum width in pixels allowed for this window (defaults
to 200). Only applies when resizable = true.</summary>
        </member>
        <member name="P:Coolite.Web.UI.WindowBase.Modal">
            <summary>True to make the window modal and mask everything behind it
when displayed, false to display it without restricting access to
other UI elements (defaults to false).</summary>
        </member>
        <member name="P:Coolite.Web.UI.WindowBase.OnEsc">
            <summary>Allows override of the built-in processing for the escape
key. Default action is to close the Window (performing whatever
action is specified in closeAction. To prevent the Window closing
when the escape key is pressed, specify this as Ext.emptyFn (See
Ext.emptyFn).</summary>
        </member>
        <member name="P:Coolite.Web.UI.WindowBase.Plain">
            <summary>True to render the window body with a transparent background
so that it will blend into the framing elements, false to add a
lighter background color to visually highlight the body element and
separate it more distinctly from the surrounding frame (defaults to
false).</summary>
        </member>
        <member name="P:Coolite.Web.UI.WindowBase.Resizable">
            <summary>True to allow user resizing at each edge and corner of the
window, false to disable resizing (defaults to true).</summary>
        </member>
        <member name="P:Coolite.Web.UI.WindowBase.Width">
            <summary>The width of this component in pixels (defaults to
auto).</summary>
        </member>
        <member name="P:Coolite.Web.UI.WindowClientEvents.Deactivate">
            <summary>Fires after the window has been visually deactivated via
setActive.</summary>
        </member>
        <member name="P:Coolite.Web.UI.WindowClientEvents.Maximize">
            <summary>Fires after the window has been maximized.</summary>
        </member>
        <member name="P:Coolite.Web.UI.WindowClientEvents.Minimize">
            <summary>Fires after the window has been minimized.</summary>
        </member>
        <member name="P:Coolite.Web.UI.WindowClientEvents.Restore">
            <summary>Fires after the window has been restored to its original size
after being maximized.</summary>
        </member>
    </members>
</doc>
